year,country,region,latitude,longitude,average_temperature,co2_emissions,rainfall,humidity,sea_level,climate_category,co2_log,rainfall_per_humidity,year_since_2000,temp_anomaly
2000,India,South Asia,20.59,78.96,25.5,1.8,1200,70,0.2,Hot,1.0296,16.9014,0,0.7555
2001,India,South Asia,20.59,78.96,25.8,1.9,1220,71,0.21,Hot,1.0647,16.9444,1,1.0555
2002,India,South Asia,20.59,78.96,26.0,2.0,1240,72,0.22,Hot,1.0986,16.9863,2,1.2555
2003,India,South Asia,20.59,78.96,26.2,2.1,1260,73,0.23,Hot,1.1314,17.0270,3,1.4555
2004,India,South Asia,20.59,78.96,26.4,2.2,1280,74,0.24,Hot,1.1631,17.0666,4,1.6555
2005,India,South Asia,20.59,78.96,26.7,2.3,1300,75,0.25,Hot,1.1939,17.1052,5,1.9555
2006,India,South Asia,20.59,78.96,27.0,2.4,1320,76,0.26,Hot,1.2237,17.1428,6,2.2555
2007,India,South Asia,20.59,78.96,27.3,2.5,1340,77,0.27,Hot,1.2527,17.1794,7,2.5555
2008,India,South Asia,20.59,78.96,27.6,2.6,1360,78,0.28,Hot,1.2809,17.2151,8,2.8555
2009,India,South Asia,20.59,78.96,27.9,2.7,1380,79,0.29,Hot,1.3083,17.2500,9,3.1555
2010,India,South Asia,20.59,78.96,28.2,2.8,1400,80,0.30,Hot,1.3350,17.2839,10,3.4555
2011,India,South Asia,20.59,78.96,28.4,2.9,1410,81,0.31,Hot,1.3609,17.1951,11,3.6555
2012,India,South Asia,20.59,78.96,28.7,3.0,1420,82,0.32,Hot,1.3862,17.1084,12,3.9555
2013,India,South Asia,20.59,78.96,29.0,3.1,1430,83,0.33,Hot,1.4109,17.0238,13,4.2555
2014,India,South Asia,20.59,78.96,29.3,3.2,1440,84,0.34,Hot,1.4350,16.9411,14,4.5555
2015,India,South Asia,20.59,78.96,29.6,3.3,1450,85,0.35,Hot,1.4586,16.8604,15,4.8555
2016,India,South Asia,20.59,78.96,29.9,3.4,1460,86,0.36,Hot,1.4816,16.7816,16,5.1555
2017,India,South Asia,20.59,78.96,30.2,3.5,1470,87,0.37,Hot,1.5040,16.7045,17,5.4555
2018,India,South Asia,20.59,78.96,30.5,3.6,1480,88,0.38,Hot,1.5260,16.6292,18,5.7555
2019,India,South Asia,20.59,78.96,30.8,3.7,1490,89,0.39,Hot,1.5475,16.5555,19,6.0555
2020,India,South Asia,20.59,78.96,31.1,3.8,1500,90,0.40,Hot,1.5686,16.4835,20,6.3555
2021,India,South Asia,20.59,78.96,31.4,3.9,1510,91,0.41,Hot,1.5892,16.4130,21,6.6555
2022,India,South Asia,20.59,78.96,31.7,4.0,1520,92,0.42,Hot,1.6094,16.3440,22,6.9555
2023,India,South Asia,20.59,78.96,32.0,4.1,1530,93,0.43,Hot,1.6292,16.2765,23,7.2555
2000,USA,North America,37.09,-95.71,14.5,5.1,900,60,0.18,Temperate,1.8082,14.7540,0,-10.2444
2001,USA,North America,37.09,-95.71,14.8,5.2,910,61,0.19,Temperate,1.8245,14.6774,1,-9.9444
2002,USA,North America,37.09,-95.71,15.1,5.3,920,62,0.20,Temperate,1.8405,14.6031,2,-9.6444
2003,USA,North America,37.09,-95.71,15.4,5.4,930,63,0.21,Temperate,1.8562,14.5312,3,-9.3444
2004,USA,North America,37.09,-95.71,15.7,5.5,940,64,0.22,Temperate,1.8718,14.4615,4,-9.0444
2005,USA,North America,37.09,-95.71,16.0,5.6,950,65,0.23,Temperate,1.8870,14.3939,5,-8.7444
2006,USA,North America,37.09,-95.71,16.3,5.7,960,66,0.24,Temperate,1.9021,14.3283,6,-8.4444
2007,USA,North America,37.09,-95.71,16.6,5.8,970,67,0.25,Temperate,1.9169,14.2647,7,-8.1444
2008,USA,North America,37.09,-95.71,16.9,5.9,980,68,0.26,Temperate,1.9315,14.2028,8,-7.8444
2009,USA,North America,37.09,-95.71,17.2,6.0,990,69,0.27,Temperate,1.9459,14.1428,9,-7.5444
2010,USA,North America,37.09,-95.71,17.5,6.1,1000,70,0.28,Temperate,1.9600,14.0845,10,-7.2444
2011,USA,North America,37.09,-95.71,17.8,6.2,1010,71,0.29,Temperate,1.9740,14.0277,11,-6.9444
2012,USA,North America,37.09,-95.71,18.1,6.3,1020,72,0.30,Temperate,1.9878,13.9726,12,-6.6444
2013,USA,North America,37.09,-95.71,18.4,6.4,1030,73,0.31,Temperate,2.0014,13.9189,13,-6.3444
2014,USA,North America,37.09,-95.71,18.7,6.5,1040,74,0.32,Temperate,2.0149,13.8666,14,-6.0444
2015,USA,North America,37.09,-95.71,19.0,6.6,1050,75,0.33,Temperate,2.0281,13.8157,15,-5.7444
2016,USA,North America,37.09,-95.71,19.3,6.7,1060,76,0.34,Temperate,2.0412,13.7662,16,-5.4444
2017,USA,North America,37.09,-95.71,19.6,6.8,1070,77,0.35,Temperate,2.0541,13.7179,17,-5.1444
2018,USA,North America,37.09,-95.71,19.9,6.9,1080,78,0.36,Temperate,2.0668,13.6708,18,-4.8444
2019,USA,North America,37.09,-95.71,20.2,7.0,1090,79,0.37,Temperate,2.0794,13.6250,19,-4.5444
2020,USA,North America,37.09,-95.71,20.5,7.1,1100,80,0.38,Temperate,2.0918,13.5802,20,-4.2444
2021,USA,North America,37.09,-95.71,20.8,7.2,1110,81,0.39,Temperate,2.1041,13.5365,21,-3.9444
2022,USA,North America,37.09,-95.71,21.1,7.3,1120,82,0.40,Temperate,2.1162,13.4939,22,-3.6444
2023,USA,North America,37.09,-95.71,21.4,7.4,1130,83,0.41,Temperate,2.1282,13.4523,23,-3.3444
2000,Brazil,Latin America,-14.23,-51.92,24.2,1.2,1400,75,0.16,Hot,0.7884,18.4210,0,-0.5444
2001,Brazil,Latin America,-14.23,-51.92,24.5,1.3,1420,76,0.17,Hot,0.8329,18.4415,1,-0.2444
2002,Brazil,Latin America,-14.23,-51.92,24.8,1.4,1440,77,0.18,Hot,0.8754,18.4615,2,0.0555
2003,Brazil,Latin America,-14.23,-51.92,25.1,1.5,1460,78,0.19,Hot,0.9162,18.4810,3,0.3555
2004,Brazil,Latin America,-14.23,-51.92,25.4,1.6,1480,79,0.20,Hot,0.9555,18.5000,4,0.6555
2005,Brazil,Latin America,-14.23,-51.92,25.7,1.7,1500,80,0.21,Hot,0.9932,18.5185,5,0.9555
2006,Brazil,Latin America,-14.23,-51.92,26.0,1.8,1520,81,0.22,Hot,1.0296,18.5365,6,1.2555
2007,Brazil,Latin America,-14.23,-51.92,26.3,1.9,1540,82,0.23,Hot,1.0647,18.5542,7,1.5555
2008,Brazil,Latin America,-14.23,-51.92,26.6,2.0,1560,83,0.24,Hot,1.0986,18.5714,8,1.8555
2009,Brazil,Latin America,-14.23,-51.92,26.9,2.1,1580,84,0.25,Hot,1.1314,18.5882,9,2.1555
2010,Brazil,Latin America,-14.23,-51.92,27.2,2.2,1600,85,0.26,Hot,1.1631,18.6046,10,2.4555
2011,Brazil,Latin America,-14.23,-51.92,27.5,2.3,1620,86,0.27,Hot,1.1939,18.6206,11,2.7555
2012,Brazil,Latin America,-14.23,-51.92,27.8,2.4,1640,87,0.28,Hot,1.2237,18.6363,12,3.0555
2013,Brazil,Latin America,-14.23,-51.92,28.1,2.5,1660,88,0.29,Hot,1.2527,18.6516,13,3.3555
2014,Brazil,Latin America,-14.23,-51.92,28.4,2.6,1680,89,0.30,Hot,1.2809,18.6666,14,3.6555
2015,Brazil,Latin America,-14.23,-51.92,28.7,2.7,1700,90,0.31,Hot,1.3083,18.6813,15,3.9555
2016,Brazil,Latin America,-14.23,-51.92,29.0,2.8,1720,91,0.32,Hot,1.3350,18.6956,16,4.2555
2017,Brazil,Latin America,-14.23,-51.92,29.3,2.9,1740,92,0.33,Hot,1.3609,18.7096,17,4.5555
2018,Brazil,Latin America,-14.23,-51.92,29.6,3.0,1760,93,0.34,Hot,1.3862,18.7234,18,4.8555
2019,Brazil,Latin America,-14.23,-51.92,29.9,3.1,1780,94,0.35,Hot,1.4109,18.7368,19,5.1555
2020,Brazil,Latin America,-14.23,-51.92,30.2,3.2,1800,95,0.36,Hot,1.4350,18.7500,20,5.4555
2021,Brazil,Latin America,-14.23,-51.92,30.5,3.3,1820,96,0.37,Hot,1.4586,18.7628,21,5.7555
2022,Brazil,Latin America,-14.23,-51.92,30.8,3.4,1840,97,0.38,Hot,1.4816,18.7755,22,6.0555
2023,Brazil,Latin America,-14.23,-51.92,31.1,3.5,1860,98,0.39,Hot,1.5040,18.7878,23,6.3555
